"Step","a100_fw1b_l22_decoupled_s1337_paper_strict:train - loss","a100_fw1b_l22_decoupled_s1337_paper_strict:train - loss__MIN","a100_fw1b_l22_decoupled_s1337_paper_strict:train - loss__MAX","a100_fw1b_l22_baseline_s1337_paper_strict:train - loss","a100_fw1b_l22_baseline_s1337_paper_strict:train - loss__MIN","a100_fw1b_l22_baseline_s1337_paper_strict:train - loss__MAX"
"11","11","11","11","11","11","11"
"21","10.78125","10.78125","10.78125","10.65625","10.65625","10.65625"
"31","10.203125","10.203125","10.203125","9.546875","9.546875","9.546875"
"41","9.53125","9.53125","9.53125","9.046875","9.046875","9.046875"
"51","9.046875","9.046875","9.046875","8.78125","8.78125","8.78125"
"61","8.765625","8.765625","8.765625","8.53125","8.53125","8.53125"
"71","8.5625","8.5625","8.5625","8.28125","8.28125","8.28125"
"81","8.359375","8.359375","8.359375","8.203125","8.203125","8.203125"
"91","8.15625","8.15625","8.15625","8.0703125","8.0703125","8.0703125"
"101","7.953125","7.953125","7.953125","7.828125","7.828125","7.828125"
"111","7.7578125","7.7578125","7.7578125","7.515625","7.515625","7.515625"
"121","7.6796875","7.6796875","7.6796875","7.5234375","7.5234375","7.5234375"
"131","7.4140625","7.4140625","7.4140625","7.3828125","7.3828125","7.3828125"
"141","7.4453125","7.4453125","7.4453125","7.1796875","7.1796875","7.1796875"
"151","7.15625","7.15625","7.15625","7.390625","7.390625","7.390625"
"161","7.125","7.125","7.125","7.2265625","7.2265625","7.2265625"
"171","7.1484375","7.1484375","7.1484375","7.109375","7.109375","7.109375"
"181","7.1015625","7.1015625","7.1015625","6.921875","6.921875","6.921875"
"191","6.9375","6.9375","6.9375","6.9609375","6.9609375","6.9609375"
"201","6.984375","6.984375","6.984375","6.828125","6.828125","6.828125"
"211","6.8359375","6.8359375","6.8359375","6.875","6.875","6.875"
"221","6.9609375","6.9609375","6.9609375","6.8125","6.8125","6.8125"
"231","6.984375","6.984375","6.984375","6.9296875","6.9296875","6.9296875"
"241","6.828125","6.828125","6.828125","6.7421875","6.7421875","6.7421875"
"251","6.8984375","6.8984375","6.8984375","6.6171875","6.6171875","6.6171875"
"261","6.734375","6.734375","6.734375","6.546875","6.546875","6.546875"
"271","6.6796875","6.6796875","6.6796875","6.59375","6.59375","6.59375"
"281","6.6484375","6.6484375","6.6484375","6.484375","6.484375","6.484375"
"291","6.421875","6.421875","6.421875","6.5703125","6.5703125","6.5703125"
"301","6.640625","6.640625","6.640625","6.5078125","6.5078125","6.5078125"
"311","6.6171875","6.6171875","6.6171875","6.421875","6.421875","6.421875"
"321","6.375","6.375","6.375","6.390625","6.390625","6.390625"
"331","6.390625","6.390625","6.390625","6.3359375","6.3359375","6.3359375"
"341","6.4453125","6.4453125","6.4453125","6.1796875","6.1796875","6.1796875"
"351","6.375","6.375","6.375","6.1953125","6.1953125","6.1953125"
"361","6.28125","6.28125","6.28125","6.265625","6.265625","6.265625"
"371","6.421875","6.421875","6.421875","6.2109375","6.2109375","6.2109375"
"381","6.25","6.25","6.25","6.09375","6.09375","6.09375"
"391","6.2421875","6.2421875","6.2421875","6.1484375","6.1484375","6.1484375"
"401","6.1953125","6.1953125","6.1953125","6.234375","6.234375","6.234375"
"411","6.203125","6.203125","6.203125","6.2734375","6.2734375","6.2734375"
"421","6.171875","6.171875","6.171875","6.1796875","6.1796875","6.1796875"
"431","6.0625","6.0625","6.0625","5.9765625","5.9765625","5.9765625"
"441","6.140625","6.140625","6.140625","5.8359375","5.8359375","5.8359375"
"451","6.078125","6.078125","6.078125","5.9140625","5.9140625","5.9140625"
"461","6.3046875","6.3046875","6.3046875","6.03125","6.03125","6.03125"
"471","6.015625","6.015625","6.015625","5.96875","5.96875","5.96875"
"481","6.09375","6.09375","6.09375","5.875","5.875","5.875"
"491","5.9609375","5.9609375","5.9609375","5.8359375","5.8359375","5.8359375"
"501","5.984375","5.984375","5.984375","5.8203125","5.8203125","5.8203125"
"511","5.9765625","5.9765625","5.9765625","5.9140625","5.9140625","5.9140625"
"521","5.9921875","5.9921875","5.9921875","5.8359375","5.8359375","5.8359375"
"531","6.015625","6.015625","6.015625","5.828125","5.828125","5.828125"
"541","5.9140625","5.9140625","5.9140625","5.9296875","5.9296875","5.9296875"
"551","5.9765625","5.9765625","5.9765625","5.765625","5.765625","5.765625"
"561","5.921875","5.921875","5.921875","5.6328125","5.6328125","5.6328125"
"571","5.9375","5.9375","5.9375","5.734375","5.734375","5.734375"
"581","5.8359375","5.8359375","5.8359375","5.53125","5.53125","5.53125"
"591","5.71875","5.71875","5.71875","5.734375","5.734375","5.734375"
"601","5.921875","5.921875","5.921875","5.6171875","5.6171875","5.6171875"
"611","5.8046875","5.8046875","5.8046875","5.609375","5.609375","5.609375"
"621","5.7890625","5.7890625","5.7890625","5.6796875","5.6796875","5.6796875"
"631","5.7265625","5.7265625","5.7265625","5.65625","5.65625","5.65625"
"641","5.59375","5.59375","5.59375","5.59375","5.59375","5.59375"
"651","5.75","5.75","5.75","5.4765625","5.4765625","5.4765625"
"661","5.5703125","5.5703125","5.5703125","5.484375","5.484375","5.484375"
"671","5.5","5.5","5.5","5.5390625","5.5390625","5.5390625"
"681","5.6796875","5.6796875","5.6796875","5.5234375","5.5234375","5.5234375"
"691","5.6953125","5.6953125","5.6953125","5.4453125","5.4453125","5.4453125"
"701","5.4765625","5.4765625","5.4765625","5.421875","5.421875","5.421875"
"711","5.703125","5.703125","5.703125","5.5234375","5.5234375","5.5234375"
"721","5.65625","5.65625","5.65625","5.4609375","5.4609375","5.4609375"
"731","5.5625","5.5625","5.5625","5.4765625","5.4765625","5.4765625"
"741","5.7109375","5.7109375","5.7109375","5.4765625","5.4765625","5.4765625"
"751","5.53125","5.53125","5.53125","5.359375","5.359375","5.359375"
"761","5.5","5.5","5.5","5.3203125","5.3203125","5.3203125"
"771","5.578125","5.578125","5.578125","5.2421875","5.2421875","5.2421875"
"781","5.3671875","5.3671875","5.3671875","5.2421875","5.2421875","5.2421875"
"791","5.390625","5.390625","5.390625","5.2890625","5.2890625","5.2890625"
"801","5.375","5.375","5.375","5.359375","5.359375","5.359375"
"811","5.484375","5.484375","5.484375","5.234375","5.234375","5.234375"
"821","5.328125","5.328125","5.328125","5.390625","5.390625","5.390625"
"831","5.2890625","5.2890625","5.2890625","5.2265625","5.2265625","5.2265625"
"841","5.2734375","5.2734375","5.2734375","5.25","5.25","5.25"
"851","5.265625","5.265625","5.265625","5.125","5.125","5.125"
"861","5.4609375","5.4609375","5.4609375","5.15625","5.15625","5.15625"
"871","5.2734375","5.2734375","5.2734375","5.21875","5.21875","5.21875"
"881","5.3828125","5.3828125","5.3828125","5.2421875","5.2421875","5.2421875"
"891","5.265625","5.265625","5.265625","5.15625","5.15625","5.15625"
"901","5.2265625","5.2265625","5.2265625","5.265625","5.265625","5.265625"
"911","5.3125","5.3125","5.3125","5.1875","5.1875","5.1875"
"921","5.328125","5.328125","5.328125","5.171875","5.171875","5.171875"
"931","5.296875","5.296875","5.296875","5.015625","5.015625","5.015625"
"941","5.296875","5.296875","5.296875","5.21875","5.21875","5.21875"
"951","5.2890625","5.2890625","5.2890625","5.09375","5.09375","5.09375"
"961","5.3359375","5.3359375","5.3359375","5.1171875","5.1171875","5.1171875"
"971","5.328125","5.328125","5.328125","5.0078125","5.0078125","5.0078125"
"981","5.2265625","5.2265625","5.2265625","5.171875","5.171875","5.171875"
"991","5.21875","5.21875","5.21875","4.984375","4.984375","4.984375"
"1001","5.2421875","5.2421875","5.2421875","4.9140625","4.9140625","4.9140625"
"1011","5.25","5.25","5.25","5.015625","5.015625","5.015625"
"1021","5.1640625","5.1640625","5.1640625","5.1328125","5.1328125","5.1328125"
"1031","5.0703125","5.0703125","5.0703125","4.9921875","4.9921875","4.9921875"
"1041","5.265625","5.265625","5.265625","5.1171875","5.1171875","5.1171875"
"1051","5.0625","5.0625","5.0625","5","5","5"
"1061","5.0703125","5.0703125","5.0703125","5.0390625","5.0390625","5.0390625"
"1071","4.96875","4.96875","4.96875","5.03125","5.03125","5.03125"
"1081","4.984375","4.984375","4.984375","5.0078125","5.0078125","5.0078125"
"1091","5.0390625","5.0390625","5.0390625","4.9453125","4.9453125","4.9453125"
"1101","5.09375","5.09375","5.09375","4.875","4.875","4.875"
"1111","5.0078125","5.0078125","5.0078125","4.9609375","4.9609375","4.9609375"
"1121","5.0234375","5.0234375","5.0234375","5.0546875","5.0546875","5.0546875"
"1131","5.109375","5.109375","5.109375","4.921875","4.921875","4.921875"
"1141","4.9609375","4.9609375","4.9609375","4.7890625","4.7890625","4.7890625"
"1151","4.9453125","4.9453125","4.9453125","4.7734375","4.7734375","4.7734375"
"1161","5.0390625","5.0390625","5.0390625","4.875","4.875","4.875"
"1171","4.9765625","4.9765625","4.9765625","4.875","4.875","4.875"
"1181","5.0078125","5.0078125","5.0078125","4.828125","4.828125","4.828125"
"1191","4.8203125","4.8203125","4.8203125","4.9765625","4.9765625","4.9765625"
"1201","4.796875","4.796875","4.796875","4.90625","4.90625","4.90625"
"1211","4.8359375","4.8359375","4.8359375","4.765625","4.765625","4.765625"
"1221","4.8515625","4.8515625","4.8515625","4.7578125","4.7578125","4.7578125"
"1231","4.9765625","4.9765625","4.9765625","4.796875","4.796875","4.796875"
"1241","4.9140625","4.9140625","4.9140625","4.953125","4.953125","4.953125"
"1251","4.953125","4.953125","4.953125","4.8828125","4.8828125","4.8828125"
"1261","4.8125","4.8125","4.8125","4.828125","4.828125","4.828125"
"1271","4.921875","4.921875","4.921875","4.7109375","4.7109375","4.7109375"
"1281","4.8125","4.8125","4.8125","4.8984375","4.8984375","4.8984375"
"1291","4.953125","4.953125","4.953125","4.7265625","4.7265625","4.7265625"
"1301","4.8515625","4.8515625","4.8515625","4.78125","4.78125","4.78125"
"1311","4.8828125","4.8828125","4.8828125","4.828125","4.828125","4.828125"
"1321","4.96875","4.96875","4.96875","4.703125","4.703125","4.703125"
"1331","4.7734375","4.7734375","4.7734375","4.8203125","4.8203125","4.8203125"
"1341","4.8046875","4.8046875","4.8046875","4.734375","4.734375","4.734375"
"1351","4.8828125","4.8828125","4.8828125","4.703125","4.703125","4.703125"
"1361","4.921875","4.921875","4.921875","4.5","4.5","4.5"
"1371","4.9140625","4.9140625","4.9140625","4.734375","4.734375","4.734375"
"1381","4.8203125","4.8203125","4.8203125","4.8203125","4.8203125","4.8203125"
"1391","4.7421875","4.7421875","4.7421875","4.671875","4.671875","4.671875"
"1401","4.6953125","4.6953125","4.6953125","4.828125","4.828125","4.828125"
"1411","4.7578125","4.7578125","4.7578125","4.640625","4.640625","4.640625"
"1421","4.7734375","4.7734375","4.7734375","4.765625","4.765625","4.765625"
"1431","4.71875","4.71875","4.71875","4.7109375","4.7109375","4.7109375"
"1441","4.9140625","4.9140625","4.9140625","4.6640625","4.6640625","4.6640625"
"1451","4.84375","4.84375","4.84375","4.7578125","4.7578125","4.7578125"
"1461","4.75","4.75","4.75","4.5703125","4.5703125","4.5703125"
"1471","4.796875","4.796875","4.796875","4.984375","4.984375","4.984375"
"1481","4.7890625","4.7890625","4.7890625","4.734375","4.734375","4.734375"
"1491","4.78125","4.78125","4.78125","4.6953125","4.6953125","4.6953125"
"1501","4.6484375","4.6484375","4.6484375","4.59375","4.59375","4.59375"
"1511","4.71875","4.71875","4.71875","4.625","4.625","4.625"
"1521","4.703125","4.703125","4.703125","4.5546875","4.5546875","4.5546875"
"1531","4.734375","4.734375","4.734375","4.71875","4.71875","4.71875"
"1541","4.890625","4.890625","4.890625","4.625","4.625","4.625"
"1551","4.75","4.75","4.75","4.6875","4.6875","4.6875"
"1561","4.7265625","4.7265625","4.7265625","4.6640625","4.6640625","4.6640625"
"1571","4.6875","4.6875","4.6875","4.53125","4.53125","4.53125"
"1581","4.7421875","4.7421875","4.7421875","4.5234375","4.5234375","4.5234375"
"1591","4.59375","4.59375","4.59375","4.4921875","4.4921875","4.4921875"
"1601","4.6015625","4.6015625","4.6015625","4.53125","4.53125","4.53125"
"1611","4.640625","4.640625","4.640625","4.59375","4.59375","4.59375"
"1621","4.8125","4.8125","4.8125","4.5703125","4.5703125","4.5703125"
"1631","4.7734375","4.7734375","4.7734375","4.59375","4.59375","4.59375"
"1641","4.6953125","4.6953125","4.6953125","4.59375","4.59375","4.59375"
"1651","4.671875","4.671875","4.671875","4.5234375","4.5234375","4.5234375"
"1661","4.703125","4.703125","4.703125","4.5","4.5","4.5"
"1671","4.625","4.625","4.625","4.5390625","4.5390625","4.5390625"
"1681","4.6484375","4.6484375","4.6484375","4.40625","4.40625","4.40625"
"1691","4.75","4.75","4.75","4.34375","4.34375","4.34375"
"1701","4.4296875","4.4296875","4.4296875","4.53125","4.53125","4.53125"
"1711","4.578125","4.578125","4.578125","4.5546875","4.5546875","4.5546875"
"1721","4.640625","4.640625","4.640625","4.6171875","4.6171875","4.6171875"
"1731","4.640625","4.640625","4.640625","4.46875","4.46875","4.46875"
"1741","4.5546875","4.5546875","4.5546875","4.546875","4.546875","4.546875"
"1751","4.6015625","4.6015625","4.6015625","4.5234375","4.5234375","4.5234375"
"1761","4.671875","4.671875","4.671875","4.3984375","4.3984375","4.3984375"
"1771","4.640625","4.640625","4.640625","4.53125","4.53125","4.53125"
"1781","4.5703125","4.5703125","4.5703125","4.3671875","4.3671875","4.3671875"
"1791","4.5","4.5","4.5","4.5625","4.5625","4.5625"
"1801","4.640625","4.640625","4.640625","4.5078125","4.5078125","4.5078125"
"1811","4.6796875","4.6796875","4.6796875","4.4375","4.4375","4.4375"
"1821","4.5390625","4.5390625","4.5390625","4.4296875","4.4296875","4.4296875"
"1831","4.578125","4.578125","4.578125","4.3828125","4.3828125","4.3828125"
"1841","4.609375","4.609375","4.609375","4.3515625","4.3515625","4.3515625"
"1851","4.578125","4.578125","4.578125","4.578125","4.578125","4.578125"
"1861","4.578125","4.578125","4.578125","4.484375","4.484375","4.484375"
"1871","4.5390625","4.5390625","4.5390625","4.5234375","4.5234375","4.5234375"
"1881","4.5078125","4.5078125","4.5078125","4.421875","4.421875","4.421875"
"1891","4.375","4.375","4.375","4.296875","4.296875","4.296875"
"1901","4.4921875","4.4921875","4.4921875","4.3984375","4.3984375","4.3984375"
"1911","4.4453125","4.4453125","4.4453125","4.3515625","4.3515625","4.3515625"
"1921","4.4296875","4.4296875","4.4296875","4.390625","4.390625","4.390625"
"1931","4.4921875","4.4921875","4.4921875","4.40625","4.40625","4.40625"
"1941","4.359375","4.359375","4.359375","4.34375","4.34375","4.34375"
"1951","4.421875","4.421875","4.421875","4.3984375","4.3984375","4.3984375"
"1961","4.46875","4.46875","4.46875","4.515625","4.515625","4.515625"
"1971","4.515625","4.515625","4.515625","4.421875","4.421875","4.421875"
"1981","4.53125","4.53125","4.53125","4.25","4.25","4.25"
"1991","4.4375","4.4375","4.4375","4.328125","4.328125","4.328125"
"2001","4.453125","4.453125","4.453125","4.2109375","4.2109375","4.2109375"
"2011","4.5078125","4.5078125","4.5078125","4.203125","4.203125","4.203125"
"2021","4.5078125","4.5078125","4.5078125","4.375","4.375","4.375"
"2031","4.359375","4.359375","4.359375","4.3125","4.3125","4.3125"
"2041","4.4765625","4.4765625","4.4765625","4.3515625","4.3515625","4.3515625"
"2051","4.4453125","4.4453125","4.4453125","4.2578125","4.2578125","4.2578125"
"2061","4.4375","4.4375","4.4375","4.3828125","4.3828125","4.3828125"
"2071","4.4765625","4.4765625","4.4765625","4.3671875","4.3671875","4.3671875"
"2081","4.3515625","4.3515625","4.3515625","4.328125","4.328125","4.328125"
"2091","4.3671875","4.3671875","4.3671875","4.28125","4.28125","4.28125"
"2101","4.4453125","4.4453125","4.4453125","4.3984375","4.3984375","4.3984375"
"2111","4.390625","4.390625","4.390625","4.3125","4.3125","4.3125"
"2121","4.3828125","4.3828125","4.3828125","4.296875","4.296875","4.296875"
"2131","4.5","4.5","4.5","4.4296875","4.4296875","4.4296875"
"2141","4.3671875","4.3671875","4.3671875","4.2734375","4.2734375","4.2734375"
"2151","4.3203125","4.3203125","4.3203125","4.234375","4.234375","4.234375"
"2161","4.3125","4.3125","4.3125","4.2578125","4.2578125","4.2578125"
"2171","4.3046875","4.3046875","4.3046875","4.3515625","4.3515625","4.3515625"
"2181","4.3359375","4.3359375","4.3359375","4.265625","4.265625","4.265625"
"2191","4.328125","4.328125","4.328125","4.171875","4.171875","4.171875"
"2201","4.26171875","4.26171875","4.26171875","4.2890625","4.2890625","4.2890625"
"2211","4.296875","4.296875","4.296875","4.3515625","4.3515625","4.3515625"
"2221","4.46875","4.46875","4.46875","4.390625","4.390625","4.390625"
"2231","4.4375","4.4375","4.4375","4.234375","4.234375","4.234375"
"2241","4.1796875","4.1796875","4.1796875","4.34375","4.34375","4.34375"
"2251","4.3203125","4.3203125","4.3203125","4.2890625","4.2890625","4.2890625"
"2261","4.484375","4.484375","4.484375","4.203125","4.203125","4.203125"
"2271","4.3515625","4.3515625","4.3515625","4.3984375","4.3984375","4.3984375"
"2281","4.2734375","4.2734375","4.2734375","4.203125","4.203125","4.203125"
"2291","4.19921875","4.19921875","4.19921875","4.1796875","4.1796875","4.1796875"
"2301","4.21875","4.21875","4.21875","4.203125","4.203125","4.203125"
"2311","4.23046875","4.23046875","4.23046875","4.328125","4.328125","4.328125"
"2321","4.1015625","4.1015625","4.1015625","4.21875","4.21875","4.21875"
"2331","4.2578125","4.2578125","4.2578125","4.203125","4.203125","4.203125"
"2341","4.359375","4.359375","4.359375","4.11328125","4.11328125","4.11328125"
"2351","4.203125","4.203125","4.203125","4.1953125","4.1953125","4.1953125"
"2361","4.28125","4.28125","4.28125","4.26171875","4.26171875","4.26171875"
"2371","4.3125","4.3125","4.3125","4.2265625","4.2265625","4.2265625"
"2381","4.359375","4.359375","4.359375","4.40625","4.40625","4.40625"
"2391","4.3046875","4.3046875","4.3046875","4.1328125","4.1328125","4.1328125"
"2401","4.2265625","4.2265625","4.2265625","4.1875","4.1875","4.1875"
"2411","4.265625","4.265625","4.265625","4.203125","4.203125","4.203125"
"2421","4.3046875","4.3046875","4.3046875","4.1171875","4.1171875","4.1171875"
"2431","4.3515625","4.3515625","4.3515625","4.046875","4.046875","4.046875"
"2441","4.16015625","4.16015625","4.16015625","4.2421875","4.2421875","4.2421875"
"2451","4.1953125","4.1953125","4.1953125","4.2265625","4.2265625","4.2265625"
"2461","4.25","4.25","4.25","4.328125","4.328125","4.328125"
"2471","4.03125","4.03125","4.03125","4.12890625","4.12890625","4.12890625"
"2481","4.296875","4.296875","4.296875","4.1953125","4.1953125","4.1953125"
"2491","4.234375","4.234375","4.234375","4.3046875","4.3046875","4.3046875"
"2501","4.3515625","4.3515625","4.3515625","4.203125","4.203125","4.203125"
"2511","4.265625","4.265625","4.265625","4.109375","4.109375","4.109375"
"2521","4.2578125","4.2578125","4.2578125","4.0234375","4.0234375","4.0234375"
"2531","4.265625","4.265625","4.265625","4.11328125","4.11328125","4.11328125"
"2541","4.2734375","4.2734375","4.2734375","4.171875","4.171875","4.171875"
"2551","4.2734375","4.2734375","4.2734375","4.265625","4.265625","4.265625"
"2561","4.28125","4.28125","4.28125","4.234375","4.234375","4.234375"
"2571","4.1328125","4.1328125","4.1328125","3.96484375","3.96484375","3.96484375"
"2581","4.1640625","4.1640625","4.1640625","4.1171875","4.1171875","4.1171875"
"2591","4.22265625","4.22265625","4.22265625","4.05859375","4.05859375","4.05859375"
"2601","4.1328125","4.1328125","4.1328125","4.265625","4.265625","4.265625"
"2611","4.12109375","4.12109375","4.12109375","3.9921875","3.9921875","3.9921875"
"2621","4.078125","4.078125","4.078125","4.1171875","4.1171875","4.1171875"
"2631","4.1171875","4.1171875","4.1171875","4.09765625","4.09765625","4.09765625"
"2641","4.18359375","4.18359375","4.18359375","4.03515625","4.03515625","4.03515625"
"2651","4.2265625","4.2265625","4.2265625","4.05078125","4.05078125","4.05078125"
"2661","4.1328125","4.1328125","4.1328125","4.17578125","4.17578125","4.17578125"
"2671","4.171875","4.171875","4.171875","4.12890625","4.12890625","4.12890625"
"2681","4.01171875","4.01171875","4.01171875","4.1640625","4.1640625","4.1640625"
"2691","4.01171875","4.01171875","4.01171875","4.1796875","4.1796875","4.1796875"
"2701","4.28125","4.28125","4.28125","4.140625","4.140625","4.140625"
"2711","4.1953125","4.1953125","4.1953125","4.1875","4.1875","4.1875"
"2721","4.24609375","4.24609375","4.24609375","4.0546875","4.0546875","4.0546875"
"2731","4.109375","4.109375","4.109375","4.09375","4.09375","4.09375"
"2741","4.28125","4.28125","4.28125","4.1875","4.1875","4.1875"
"2751","4.140625","4.140625","4.140625","4.15625","4.15625","4.15625"
"2761","4.140625","4.140625","4.140625","4.078125","4.078125","4.078125"
"2771","4.11328125","4.11328125","4.11328125","4.07421875","4.07421875","4.07421875"
"2781","4.15234375","4.15234375","4.15234375","4.04296875","4.04296875","4.04296875"
"2791","4.2265625","4.2265625","4.2265625","4.109375","4.109375","4.109375"
"2801","4.15625","4.15625","4.15625","4.0703125","4.0703125","4.0703125"
"2811","4.171875","4.171875","4.171875","4.16015625","4.16015625","4.16015625"
"2821","4.1796875","4.1796875","4.1796875","4.05859375","4.05859375","4.05859375"
"2831","4.2265625","4.2265625","4.2265625","4.09375","4.09375","4.09375"
"2841","4.125","4.125","4.125","4.08984375","4.08984375","4.08984375"
"2851","4.07421875","4.07421875","4.07421875","4.1171875","4.1171875","4.1171875"
"2861","4.12890625","4.12890625","4.12890625","3.83984375","3.83984375","3.83984375"
"2871","4.140625","4.140625","4.140625","4.109375","4.109375","4.109375"
"2881","3.87890625","3.87890625","3.87890625","4.17578125","4.17578125","4.17578125"
"2891","4.3203125","4.3203125","4.3203125","4.015625","4.015625","4.015625"
"2901","4.125","4.125","4.125","4.1484375","4.1484375","4.1484375"
"2911","4.1171875","4.1171875","4.1171875","3.921875","3.921875","3.921875"
"2921","3.875","3.875","3.875","4.05859375","4.05859375","4.05859375"
"2931","4.02734375","4.02734375","4.02734375","4.0703125","4.0703125","4.0703125"
"2941","4.09375","4.09375","4.09375","4.04296875","4.04296875","4.04296875"
"2951","4.1171875","4.1171875","4.1171875","3.97265625","3.97265625","3.97265625"
"2961","4.078125","4.078125","4.078125","4.20703125","4.20703125","4.20703125"
"2971","4.03125","4.03125","4.03125","4.078125","4.078125","4.078125"
"2981","4.03125","4.03125","4.03125","4.0546875","4.0546875","4.0546875"
"2991","4.01171875","4.01171875","4.01171875","3.98046875","3.98046875","3.98046875"
"3001","4.12109375","4.12109375","4.12109375","4.07421875","4.07421875","4.07421875"
"3011","3.9375","3.9375","3.9375","4.01171875","4.01171875","4.01171875"
"3021","4.21875","4.21875","4.21875","4.0703125","4.0703125","4.0703125"
"3031","4.0234375","4.0234375","4.0234375","3.953125","3.953125","3.953125"
"3041","4.171875","4.171875","4.171875","3.95703125","3.95703125","3.95703125"
"3051","4.171875","4.171875","4.171875","4.0625","4.0625","4.0625"
"3061","4.0078125","4.0078125","4.0078125","4.25390625","4.25390625","4.25390625"
"3071","4.015625","4.015625","4.015625","4.0390625","4.0390625","4.0390625"
"3081","4.08203125","4.08203125","4.08203125","4.04296875","4.04296875","4.04296875"
"3091","4.1171875","4.1171875","4.1171875","3.98828125","3.98828125","3.98828125"
"3101","4.21875","4.21875","4.21875","4.04296875","4.04296875","4.04296875"
"3111","3.96484375","3.96484375","3.96484375","4.015625","4.015625","4.015625"
"3121","4.0390625","4.0390625","4.0390625","4.01171875","4.01171875","4.01171875"
"3131","3.97265625","3.97265625","3.97265625","3.9609375","3.9609375","3.9609375"
"3141","3.9609375","3.9609375","3.9609375","4.0078125","4.0078125","4.0078125"
"3151","4.0078125","4.0078125","4.0078125","4.0078125","4.0078125","4.0078125"
"3161","4.1328125","4.1328125","4.1328125","4.1328125","4.1328125","4.1328125"
"3171","4.0546875","4.0546875","4.0546875","4.04296875","4.04296875","4.04296875"
"3181","4.02734375","4.02734375","4.02734375","3.9921875","3.9921875","3.9921875"
"3191","4.0234375","4.0234375","4.0234375","3.9453125","3.9453125","3.9453125"
"3201","4.08984375","4.08984375","4.08984375","3.984375","3.984375","3.984375"
"3211","4.0078125","4.0078125","4.0078125","3.8359375","3.8359375","3.8359375"
"3221","3.94140625","3.94140625","3.94140625","4.140625","4.140625","4.140625"
"3231","3.95703125","3.95703125","3.95703125","3.9140625","3.9140625","3.9140625"
"3241","4.01953125","4.01953125","4.01953125","4.08984375","4.08984375","4.08984375"
"3251","4.046875","4.046875","4.046875","4.015625","4.015625","4.015625"
"3261","4.15625","4.15625","4.15625","3.9609375","3.9609375","3.9609375"
"3271","4","4","4","4.1484375","4.1484375","4.1484375"
"3281","3.9609375","3.9609375","3.9609375","4.01171875","4.01171875","4.01171875"
"3291","3.98828125","3.98828125","3.98828125","4.0078125","4.0078125","4.0078125"
"3301","4.01953125","4.01953125","4.01953125","3.953125","3.953125","3.953125"
"3311","4.01171875","4.01171875","4.01171875","3.984375","3.984375","3.984375"
"3321","4","4","4","4.09765625","4.09765625","4.09765625"
"3331","3.93359375","3.93359375","3.93359375","3.89453125","3.89453125","3.89453125"
"3341","3.87109375","3.87109375","3.87109375","3.93359375","3.93359375","3.93359375"
"3351","3.98046875","3.98046875","3.98046875","3.99609375","3.99609375","3.99609375"
"3361","3.96484375","3.96484375","3.96484375","3.953125","3.953125","3.953125"
"3371","4.01953125","4.01953125","4.01953125","4.0703125","4.0703125","4.0703125"
"3381","3.91796875","3.91796875","3.91796875","4.02734375","4.02734375","4.02734375"
"3391","4.0078125","4.0078125","4.0078125","3.94140625","3.94140625","3.94140625"
"3401","3.96484375","3.96484375","3.96484375","4.00390625","4.00390625","4.00390625"
"3411","3.9765625","3.9765625","3.9765625","3.921875","3.921875","3.921875"
"3421","3.9609375","3.9609375","3.9609375","4.15234375","4.15234375","4.15234375"
"3431","3.984375","3.984375","3.984375","3.9609375","3.9609375","3.9609375"
"3441","3.84375","3.84375","3.84375","4.03515625","4.03515625","4.03515625"
"3451","3.96484375","3.96484375","3.96484375","3.91796875","3.91796875","3.91796875"
"3461","3.84375","3.84375","3.84375","3.95703125","3.95703125","3.95703125"
"3471","3.91015625","3.91015625","3.91015625","3.8359375","3.8359375","3.8359375"
"3481","3.8828125","3.8828125","3.8828125","3.765625","3.765625","3.765625"
"3491","4.078125","4.078125","4.078125","4.0625","4.0625","4.0625"
"3501","3.94921875","3.94921875","3.94921875","4.03125","4.03125","4.03125"
"3511","3.875","3.875","3.875","3.91796875","3.91796875","3.91796875"
"3521","3.92578125","3.92578125","3.92578125","3.859375","3.859375","3.859375"
"3531","4.0390625","4.0390625","4.0390625","4.0390625","4.0390625","4.0390625"
"3541","3.85546875","3.85546875","3.85546875","3.9921875","3.9921875","3.9921875"
"3551","3.92578125","3.92578125","3.92578125","3.84765625","3.84765625","3.84765625"
"3561","3.9140625","3.9140625","3.9140625","4.12890625","4.12890625","4.12890625"
"3571","4.0703125","4.0703125","4.0703125","4.06640625","4.06640625","4.06640625"
"3581","3.81640625","3.81640625","3.81640625","3.84765625","3.84765625","3.84765625"
"3591","3.98828125","3.98828125","3.98828125","4.07421875","4.07421875","4.07421875"
"3601","3.9921875","3.9921875","3.9921875","4.02734375","4.02734375","4.02734375"
"3611","3.9140625","3.9140625","3.9140625","3.96484375","3.96484375","3.96484375"
"3621","3.98828125","3.98828125","3.98828125","4.01171875","4.01171875","4.01171875"
"3631","4.06640625","4.06640625","4.06640625","3.93359375","3.93359375","3.93359375"
"3641","3.79296875","3.79296875","3.79296875","3.87890625","3.87890625","3.87890625"
"3651","3.9140625","3.9140625","3.9140625","3.9453125","3.9453125","3.9453125"
"3661","4.02734375","4.02734375","4.02734375","3.80859375","3.80859375","3.80859375"
"3671","3.953125","3.953125","3.953125","3.84765625","3.84765625","3.84765625"
"3681","3.921875","3.921875","3.921875","3.890625","3.890625","3.890625"
"3691","3.8515625","3.8515625","3.8515625","3.875","3.875","3.875"
"3701","4","4","4","3.796875","3.796875","3.796875"
"3711","3.91796875","3.91796875","3.91796875","3.8515625","3.8515625","3.8515625"
"3721","3.796875","3.796875","3.796875","3.90625","3.90625","3.90625"
"3731","3.9609375","3.9609375","3.9609375","3.90625","3.90625","3.90625"
"3741","3.94140625","3.94140625","3.94140625","4.03125","4.03125","4.03125"
"3751","4.01953125","4.01953125","4.01953125","3.92578125","3.92578125","3.92578125"
"3761","3.8359375","3.8359375","3.8359375","3.9921875","3.9921875","3.9921875"
"3771","3.89453125","3.89453125","3.89453125","3.8203125","3.8203125","3.8203125"
"3781","3.83203125","3.83203125","3.83203125","3.87109375","3.87109375","3.87109375"
"3791","3.8828125","3.8828125","3.8828125","3.75390625","3.75390625","3.75390625"
"3801","3.94140625","3.94140625","3.94140625","3.92578125","3.92578125","3.92578125"
"3811","3.8984375","3.8984375","3.8984375","3.8203125","3.8203125","3.8203125"
"3821","3.84765625","3.84765625","3.84765625","3.96875","3.96875","3.96875"
"3831","3.953125","3.953125","3.953125","4.01953125","4.01953125","4.01953125"
"3841","3.84765625","3.84765625","3.84765625","3.89453125","3.89453125","3.89453125"
"3851","3.88671875","3.88671875","3.88671875","3.76953125","3.76953125","3.76953125"
"3861","3.890625","3.890625","3.890625","3.8359375","3.8359375","3.8359375"
"3871","4.01171875","4.01171875","4.01171875","3.80078125","3.80078125","3.80078125"
"3881","3.6953125","3.6953125","3.6953125","3.84375","3.84375","3.84375"
"3891","3.87890625","3.87890625","3.87890625","3.8828125","3.8828125","3.8828125"
"3901","3.9609375","3.9609375","3.9609375","3.93359375","3.93359375","3.93359375"
"3911","3.93359375","3.93359375","3.93359375","3.875","3.875","3.875"
"3921","3.98828125","3.98828125","3.98828125","3.85546875","3.85546875","3.85546875"
"3931","3.9296875","3.9296875","3.9296875","3.7890625","3.7890625","3.7890625"
"3941","3.9921875","3.9921875","3.9921875","3.80859375","3.80859375","3.80859375"
"3951","3.78125","3.78125","3.78125","3.72265625","3.72265625","3.72265625"
"3961","3.8203125","3.8203125","3.8203125","3.9453125","3.9453125","3.9453125"
"3971","3.84765625","3.84765625","3.84765625","3.890625","3.890625","3.890625"
"3981","3.8984375","3.8984375","3.8984375","3.87109375","3.87109375","3.87109375"
"3991","3.7890625","3.7890625","3.7890625","3.7265625","3.7265625","3.7265625"
"4001","3.87109375","3.87109375","3.87109375","3.73046875","3.73046875","3.73046875"
"4011","3.890625","3.890625","3.890625","3.86328125","3.86328125","3.86328125"
"4021","3.8984375","3.8984375","3.8984375","3.88671875","3.88671875","3.88671875"
"4031","3.90625","3.90625","3.90625","3.75","3.75","3.75"
"4041","3.875","3.875","3.875","3.8359375","3.8359375","3.8359375"
"4051","4.0234375","4.0234375","4.0234375","4.03515625","4.03515625","4.03515625"
"4061","3.85546875","3.85546875","3.85546875","3.8359375","3.8359375","3.8359375"
"4071","3.88671875","3.88671875","3.88671875","3.94921875","3.94921875","3.94921875"
"4081","3.9375","3.9375","3.9375","3.953125","3.953125","3.953125"
"4091","3.953125","3.953125","3.953125","3.734375","3.734375","3.734375"
"4101","3.79296875","3.79296875","3.79296875","3.76953125","3.76953125","3.76953125"
"4111","3.86328125","3.86328125","3.86328125","3.859375","3.859375","3.859375"
"4121","3.89453125","3.89453125","3.89453125","3.8046875","3.8046875","3.8046875"
"4131","3.953125","3.953125","3.953125","3.84765625","3.84765625","3.84765625"
"4141","4.03125","4.03125","4.03125","3.8125","3.8125","3.8125"
"4151","3.76171875","3.76171875","3.76171875","3.859375","3.859375","3.859375"
"4161","3.8828125","3.8828125","3.8828125","3.8984375","3.8984375","3.8984375"
"4171","3.828125","3.828125","3.828125","3.78125","3.78125","3.78125"
"4181","3.80859375","3.80859375","3.80859375","3.859375","3.859375","3.859375"
"4191","3.80078125","3.80078125","3.80078125","3.8515625","3.8515625","3.8515625"
"4201","3.953125","3.953125","3.953125","3.7890625","3.7890625","3.7890625"
"4211","3.8125","3.8125","3.8125","3.87890625","3.87890625","3.87890625"
"4221","4.01953125","4.01953125","4.01953125","3.79296875","3.79296875","3.79296875"
"4231","3.91796875","3.91796875","3.91796875","3.86328125","3.86328125","3.86328125"
"4241","3.91796875","3.91796875","3.91796875","3.91015625","3.91015625","3.91015625"
"4251","3.796875","3.796875","3.796875","3.7890625","3.7890625","3.7890625"
"4261","3.6484375","3.6484375","3.6484375","3.84765625","3.84765625","3.84765625"
"4271","3.8203125","3.8203125","3.8203125","3.859375","3.859375","3.859375"
"4281","3.88671875","3.88671875","3.88671875","3.8203125","3.8203125","3.8203125"
"4291","3.875","3.875","3.875","3.79296875","3.79296875","3.79296875"
"4301","3.76171875","3.76171875","3.76171875","3.6953125","3.6953125","3.6953125"
"4311","3.8671875","3.8671875","3.8671875","3.88671875","3.88671875","3.88671875"
"4321","3.81640625","3.81640625","3.81640625","3.796875","3.796875","3.796875"
"4331","3.8203125","3.8203125","3.8203125","3.7890625","3.7890625","3.7890625"
"4341","3.90234375","3.90234375","3.90234375","3.8046875","3.8046875","3.8046875"
"4351","3.80078125","3.80078125","3.80078125","3.74609375","3.74609375","3.74609375"
"4361","3.875","3.875","3.875","3.84765625","3.84765625","3.84765625"
"4371","3.8203125","3.8203125","3.8203125","3.78515625","3.78515625","3.78515625"
"4381","3.9765625","3.9765625","3.9765625","3.78125","3.78125","3.78125"
"4391","4.00390625","4.00390625","4.00390625","3.6953125","3.6953125","3.6953125"
"4401","3.8125","3.8125","3.8125","3.734375","3.734375","3.734375"
"4411","3.80859375","3.80859375","3.80859375","3.73046875","3.73046875","3.73046875"
"4421","3.8359375","3.8359375","3.8359375","3.55859375","3.55859375","3.55859375"
"4431","3.86328125","3.86328125","3.86328125","3.86328125","3.86328125","3.86328125"
"4441","3.875","3.875","3.875","3.76953125","3.76953125","3.76953125"
"4451","3.73046875","3.73046875","3.73046875","3.74609375","3.74609375","3.74609375"
"4461","3.94921875","3.94921875","3.94921875","3.80078125","3.80078125","3.80078125"
"4471","3.890625","3.890625","3.890625","3.80859375","3.80859375","3.80859375"
"4481","3.890625","3.890625","3.890625","4.00390625","4.00390625","4.00390625"
"4491","3.7734375","3.7734375","3.7734375","3.85546875","3.85546875","3.85546875"
"4501","3.890625","3.890625","3.890625","3.77734375","3.77734375","3.77734375"
"4511","3.8828125","3.8828125","3.8828125","3.828125","3.828125","3.828125"
"4521","3.94140625","3.94140625","3.94140625","3.69140625","3.69140625","3.69140625"
"4531","3.78515625","3.78515625","3.78515625","3.66015625","3.66015625","3.66015625"
"4541","3.7734375","3.7734375","3.7734375","3.7421875","3.7421875","3.7421875"
"4551","3.89453125","3.89453125","3.89453125","3.75390625","3.75390625","3.75390625"
"4561","3.96875","3.96875","3.96875","3.88671875","3.88671875","3.88671875"
"4571","3.83984375","3.83984375","3.83984375","3.8203125","3.8203125","3.8203125"
"4581","3.84375","3.84375","3.84375","3.87109375","3.87109375","3.87109375"
"4591","3.84375","3.84375","3.84375","3.70703125","3.70703125","3.70703125"
"4601","3.703125","3.703125","3.703125","3.9375","3.9375","3.9375"
"4611","3.765625","3.765625","3.765625","3.85546875","3.85546875","3.85546875"
"4621","3.77734375","3.77734375","3.77734375","3.67578125","3.67578125","3.67578125"
"4631","3.81640625","3.81640625","3.81640625","3.81640625","3.81640625","3.81640625"
"4641","3.99609375","3.99609375","3.99609375","3.8671875","3.8671875","3.8671875"
"4651","3.984375","3.984375","3.984375","3.765625","3.765625","3.765625"
"4661","3.78125","3.78125","3.78125","3.80859375","3.80859375","3.80859375"
"4671","3.79296875","3.79296875","3.79296875","3.7265625","3.7265625","3.7265625"
"4681","3.82421875","3.82421875","3.82421875","3.8671875","3.8671875","3.8671875"
"4691","3.6328125","3.6328125","3.6328125","3.67578125","3.67578125","3.67578125"
"4701","3.71875","3.71875","3.71875","3.6484375","3.6484375","3.6484375"
"4711","3.82421875","3.82421875","3.82421875","3.65234375","3.65234375","3.65234375"
"4721","3.796875","3.796875","3.796875","3.80859375","3.80859375","3.80859375"
"4731","3.8359375","3.8359375","3.8359375","3.76953125","3.76953125","3.76953125"
"4741","3.7265625","3.7265625","3.7265625","3.68359375","3.68359375","3.68359375"
"4751","3.8671875","3.8671875","3.8671875","3.87890625","3.87890625","3.87890625"
"4761","3.76171875","3.76171875","3.76171875","3.87109375","3.87109375","3.87109375"
"4771","3.76953125","3.76953125","3.76953125","3.76953125","3.76953125","3.76953125"
"4781","3.62109375","3.62109375","3.62109375","3.82421875","3.82421875","3.82421875"
"4791","4.0390625","4.0390625","4.0390625","3.69140625","3.69140625","3.69140625"
"4801","3.5859375","3.5859375","3.5859375","3.63671875","3.63671875","3.63671875"
"4811","3.7265625","3.7265625","3.7265625","3.65625","3.65625","3.65625"
"4821","3.78125","3.78125","3.78125","3.828125","3.828125","3.828125"
"4831","3.671875","3.671875","3.671875","3.77734375","3.77734375","3.77734375"
"4841","3.67578125","3.67578125","3.67578125","3.71484375","3.71484375","3.71484375"
"4851","3.7734375","3.7734375","3.7734375","3.83984375","3.83984375","3.83984375"
"4861","3.8515625","3.8515625","3.8515625","3.62890625","3.62890625","3.62890625"
"4871","3.828125","3.828125","3.828125","3.62890625","3.62890625","3.62890625"
"4881","3.73046875","3.73046875","3.73046875","3.67578125","3.67578125","3.67578125"
"4891","3.6875","3.6875","3.6875","3.765625","3.765625","3.765625"
"4901","3.85546875","3.85546875","3.85546875","3.7890625","3.7890625","3.7890625"
"4911","3.765625","3.765625","3.765625","3.80078125","3.80078125","3.80078125"
"4921","3.640625","3.640625","3.640625","3.8125","3.8125","3.8125"
"4931","3.76953125","3.76953125","3.76953125","3.7734375","3.7734375","3.7734375"
"4941","3.74609375","3.74609375","3.74609375","3.73828125","3.73828125","3.73828125"
"4951","3.765625","3.765625","3.765625","3.7421875","3.7421875","3.7421875"
"4961","3.734375","3.734375","3.734375","3.71875","3.71875","3.71875"
"4971","3.76171875","3.76171875","3.76171875","3.70703125","3.70703125","3.70703125"
"4981","3.89453125","3.89453125","3.89453125","3.8125","3.8125","3.8125"
"4991","3.68359375","3.68359375","3.68359375","3.83984375","3.83984375","3.83984375"
"5001","3.9296875","3.9296875","3.9296875","3.6875","3.6875","3.6875"
"5011","3.90234375","3.90234375","3.90234375","3.703125","3.703125","3.703125"
"5021","3.72265625","3.72265625","3.72265625","3.59765625","3.59765625","3.59765625"
"5031","3.6484375","3.6484375","3.6484375","3.81640625","3.81640625","3.81640625"
"5041","3.8203125","3.8203125","3.8203125","3.57421875","3.57421875","3.57421875"
"5051","3.6796875","3.6796875","3.6796875","3.78515625","3.78515625","3.78515625"
"5061","3.78515625","3.78515625","3.78515625","3.83984375","3.83984375","3.83984375"
"5071","3.765625","3.765625","3.765625","3.703125","3.703125","3.703125"
"5081","3.80859375","3.80859375","3.80859375","3.703125","3.703125","3.703125"
"5091","3.6015625","3.6015625","3.6015625","3.78515625","3.78515625","3.78515625"
"5101","3.56640625","3.56640625","3.56640625","3.65234375","3.65234375","3.65234375"
"5111","3.8828125","3.8828125","3.8828125","3.76953125","3.76953125","3.76953125"
"5121","3.66015625","3.66015625","3.66015625","3.703125","3.703125","3.703125"
"5131","3.84765625","3.84765625","3.84765625","3.64453125","3.64453125","3.64453125"
"5141","3.74609375","3.74609375","3.74609375","3.78125","3.78125","3.78125"
"5151","3.7265625","3.7265625","3.7265625","3.66015625","3.66015625","3.66015625"
"5161","3.73046875","3.73046875","3.73046875","3.57421875","3.57421875","3.57421875"
"5171","3.73828125","3.73828125","3.73828125","3.7890625","3.7890625","3.7890625"
"5181","3.7421875","3.7421875","3.7421875","3.74609375","3.74609375","3.74609375"
"5191","3.69140625","3.69140625","3.69140625","3.8203125","3.8203125","3.8203125"
"5201","3.76953125","3.76953125","3.76953125","3.65234375","3.65234375","3.65234375"
"5211","3.69140625","3.69140625","3.69140625","3.65234375","3.65234375","3.65234375"
"5221","3.59765625","3.59765625","3.59765625","3.66015625","3.66015625","3.66015625"
"5231","3.60546875","3.60546875","3.60546875","3.61328125","3.61328125","3.61328125"
"5241","3.69921875","3.69921875","3.69921875","3.75390625","3.75390625","3.75390625"
"5251","3.78515625","3.78515625","3.78515625","3.69140625","3.69140625","3.69140625"
"5261","","","","3.6953125","3.6953125","3.6953125"
"5271","","","","3.734375","3.734375","3.734375"
"5281","","","","3.6953125","3.6953125","3.6953125"
"5291","","","","3.65625","3.65625","3.65625"
"5301","","","","3.7734375","3.7734375","3.7734375"
"5311","","","","3.71875","3.71875","3.71875"
"5321","","","","3.66015625","3.66015625","3.66015625"
"5331","","","","3.59375","3.59375","3.59375"
"5341","","","","3.6953125","3.6953125","3.6953125"
"5351","","","","3.58203125","3.58203125","3.58203125"
"5361","","","","3.6015625","3.6015625","3.6015625"
"5371","","","","3.703125","3.703125","3.703125"
"5381","","","","3.6171875","3.6171875","3.6171875"
"5391","","","","3.7734375","3.7734375","3.7734375"
"5401","","","","3.68359375","3.68359375","3.68359375"
"5411","","","","3.84375","3.84375","3.84375"
"5421","","","","3.578125","3.578125","3.578125"
"5431","","","","3.5703125","3.5703125","3.5703125"
"5441","","","","3.73828125","3.73828125","3.73828125"
"5451","","","","3.6875","3.6875","3.6875"
"5461","","","","3.59375","3.59375","3.59375"
"5471","","","","3.83203125","3.83203125","3.83203125"
"5481","","","","3.6328125","3.6328125","3.6328125"
"5491","","","","3.77734375","3.77734375","3.77734375"
"5501","","","","3.62890625","3.62890625","3.62890625"
"5511","","","","3.55078125","3.55078125","3.55078125"
"5521","","","","3.67578125","3.67578125","3.67578125"
"5531","","","","3.734375","3.734375","3.734375"
"5541","","","","3.734375","3.734375","3.734375"
"5551","","","","3.69140625","3.69140625","3.69140625"
"5561","","","","3.7109375","3.7109375","3.7109375"
"5571","","","","3.71484375","3.71484375","3.71484375"
"5581","","","","3.6796875","3.6796875","3.6796875"
"5591","","","","3.67578125","3.67578125","3.67578125"
"5601","","","","3.6484375","3.6484375","3.6484375"
"5611","","","","3.546875","3.546875","3.546875"
"5621","","","","3.59375","3.59375","3.59375"
"5631","","","","3.609375","3.609375","3.609375"
"5641","","","","3.51953125","3.51953125","3.51953125"
"5651","","","","3.69921875","3.69921875","3.69921875"
"5661","","","","3.66796875","3.66796875","3.66796875"
"5671","","","","3.65625","3.65625","3.65625"
"5681","","","","3.578125","3.578125","3.578125"
"5691","","","","3.55078125","3.55078125","3.55078125"
"5701","","","","3.765625","3.765625","3.765625"
"5711","","","","3.5625","3.5625","3.5625"
"5721","","","","3.640625","3.640625","3.640625"
"5731","","","","3.61328125","3.61328125","3.61328125"
"5741","","","","3.7265625","3.7265625","3.7265625"
"5751","","","","3.58203125","3.58203125","3.58203125"
"5761","","","","3.55078125","3.55078125","3.55078125"
"5771","","","","3.6015625","3.6015625","3.6015625"
"5781","","","","3.546875","3.546875","3.546875"
"5791","","","","3.48046875","3.48046875","3.48046875"
"5801","","","","3.56640625","3.56640625","3.56640625"
"5811","","","","3.68359375","3.68359375","3.68359375"
"5821","","","","3.56640625","3.56640625","3.56640625"
"5831","","","","3.61328125","3.61328125","3.61328125"
"5841","","","","3.75390625","3.75390625","3.75390625"
"5851","","","","3.5703125","3.5703125","3.5703125"
"5861","","","","3.59375","3.59375","3.59375"
"5871","","","","3.76171875","3.76171875","3.76171875"
"5881","","","","3.64453125","3.64453125","3.64453125"
"5891","","","","3.66015625","3.66015625","3.66015625"
"5901","","","","3.546875","3.546875","3.546875"
"5911","","","","3.58203125","3.58203125","3.58203125"
"5921","","","","3.58203125","3.58203125","3.58203125"
"5931","","","","3.625","3.625","3.625"
"5941","","","","3.65234375","3.65234375","3.65234375"
"5951","","","","3.6171875","3.6171875","3.6171875"
"5961","","","","3.57421875","3.57421875","3.57421875"
"5971","","","","3.5703125","3.5703125","3.5703125"
"5981","","","","3.46484375","3.46484375","3.46484375"
"5991","","","","3.55078125","3.55078125","3.55078125"
"6001","","","","3.6015625","3.6015625","3.6015625"
"6011","","","","3.6484375","3.6484375","3.6484375"
"6021","","","","3.65234375","3.65234375","3.65234375"
"6031","","","","3.640625","3.640625","3.640625"
"6041","","","","3.8046875","3.8046875","3.8046875"
"6051","","","","3.69140625","3.69140625","3.69140625"
"6061","","","","3.6171875","3.6171875","3.6171875"
"6071","","","","3.5859375","3.5859375","3.5859375"
"6081","","","","3.65234375","3.65234375","3.65234375"
"6091","","","","3.578125","3.578125","3.578125"
"6101","","","","3.5703125","3.5703125","3.5703125"
"6111","","","","3.625","3.625","3.625"
"6121","","","","3.64453125","3.64453125","3.64453125"
"6131","","","","3.60546875","3.60546875","3.60546875"
"6141","","","","3.55859375","3.55859375","3.55859375"
"6151","","","","3.50390625","3.50390625","3.50390625"
"6161","","","","3.51171875","3.51171875","3.51171875"
"6171","","","","3.51171875","3.51171875","3.51171875"
"6181","","","","3.60546875","3.60546875","3.60546875"
"6191","","","","3.65234375","3.65234375","3.65234375"
"6201","","","","3.5","3.5","3.5"
"6211","","","","3.53125","3.53125","3.53125"
"6221","","","","3.60546875","3.60546875","3.60546875"
"6231","","","","3.65625","3.65625","3.65625"
"6241","","","","3.625","3.625","3.625"
"6251","","","","3.41015625","3.41015625","3.41015625"
"6261","","","","3.6171875","3.6171875","3.6171875"
"6271","","","","3.58203125","3.58203125","3.58203125"
"6281","","","","3.62109375","3.62109375","3.62109375"
"6291","","","","3.5234375","3.5234375","3.5234375"
"6301","","","","3.60546875","3.60546875","3.60546875"
"6311","","","","3.5078125","3.5078125","3.5078125"
"6321","","","","3.5","3.5","3.5"
"6331","","","","3.6171875","3.6171875","3.6171875"
"6341","","","","3.51953125","3.51953125","3.51953125"
"6351","","","","3.55859375","3.55859375","3.55859375"
"6361","","","","3.58984375","3.58984375","3.58984375"
"6371","","","","3.453125","3.453125","3.453125"
"6381","","","","3.58203125","3.58203125","3.58203125"
"6391","","","","3.71484375","3.71484375","3.71484375"
"6401","","","","3.55078125","3.55078125","3.55078125"
"6411","","","","3.49609375","3.49609375","3.49609375"
"6421","","","","3.4453125","3.4453125","3.4453125"
"6431","","","","3.5546875","3.5546875","3.5546875"
"6441","","","","3.484375","3.484375","3.484375"
"6451","","","","3.5546875","3.5546875","3.5546875"
"6461","","","","3.5625","3.5625","3.5625"
"6471","","","","3.359375","3.359375","3.359375"
"6481","","","","3.671875","3.671875","3.671875"
"6491","","","","3.578125","3.578125","3.578125"
"6501","","","","3.453125","3.453125","3.453125"
"6511","","","","3.5625","3.5625","3.5625"
"6521","","","","3.53125","3.53125","3.53125"
"6531","","","","3.4609375","3.4609375","3.4609375"
"6541","","","","3.578125","3.578125","3.578125"
"6551","","","","3.71484375","3.71484375","3.71484375"
"6561","","","","3.44921875","3.44921875","3.44921875"
"6571","","","","3.55078125","3.55078125","3.55078125"
"6581","","","","3.6640625","3.6640625","3.6640625"
"6591","","","","3.45703125","3.45703125","3.45703125"
"6601","","","","3.58203125","3.58203125","3.58203125"
"6611","","","","3.42578125","3.42578125","3.42578125"
"6621","","","","3.51953125","3.51953125","3.51953125"
"6631","","","","3.65234375","3.65234375","3.65234375"
"6641","","","","3.5390625","3.5390625","3.5390625"
"6651","","","","3.578125","3.578125","3.578125"
"6661","","","","3.55859375","3.55859375","3.55859375"
"6671","","","","3.53515625","3.53515625","3.53515625"
"6681","","","","3.49609375","3.49609375","3.49609375"
"6691","","","","3.69140625","3.69140625","3.69140625"
"6701","","","","3.515625","3.515625","3.515625"
"6711","","","","3.4140625","3.4140625","3.4140625"
"6721","","","","3.515625","3.515625","3.515625"
"6731","","","","3.58203125","3.58203125","3.58203125"
"6741","","","","3.62890625","3.62890625","3.62890625"
"6751","","","","3.484375","3.484375","3.484375"
"6761","","","","3.52734375","3.52734375","3.52734375"
"6771","","","","3.6484375","3.6484375","3.6484375"
"6781","","","","3.57421875","3.57421875","3.57421875"
"6791","","","","3.6796875","3.6796875","3.6796875"
"6801","","","","3.50390625","3.50390625","3.50390625"
"6811","","","","3.421875","3.421875","3.421875"
"6821","","","","3.6171875","3.6171875","3.6171875"
"6831","","","","3.69140625","3.69140625","3.69140625"
"6841","","","","3.4921875","3.4921875","3.4921875"
"6851","","","","3.62109375","3.62109375","3.62109375"
"6861","","","","3.51953125","3.51953125","3.51953125"
"6871","","","","3.52734375","3.52734375","3.52734375"
"6881","","","","3.453125","3.453125","3.453125"
"6891","","","","3.4375","3.4375","3.4375"
"6901","","","","3.3671875","3.3671875","3.3671875"
"6911","","","","3.4453125","3.4453125","3.4453125"
"6921","","","","3.5234375","3.5234375","3.5234375"
"6931","","","","3.3984375","3.3984375","3.3984375"
"6941","","","","3.51171875","3.51171875","3.51171875"
"6951","","","","3.640625","3.640625","3.640625"
"6961","","","","3.46875","3.46875","3.46875"
"6971","","","","3.57421875","3.57421875","3.57421875"
"6981","","","","3.4453125","3.4453125","3.4453125"
"6991","","","","3.6171875","3.6171875","3.6171875"
"7001","","","","3.53515625","3.53515625","3.53515625"
"7011","","","","3.609375","3.609375","3.609375"
"7021","","","","3.421875","3.421875","3.421875"
"7031","","","","3.41796875","3.41796875","3.41796875"
"7041","","","","3.3984375","3.3984375","3.3984375"
"7051","","","","3.5078125","3.5078125","3.5078125"
"7061","","","","3.45703125","3.45703125","3.45703125"
"7071","","","","3.5546875","3.5546875","3.5546875"
"7081","","","","3.48046875","3.48046875","3.48046875"
"7091","","","","3.53125","3.53125","3.53125"
"7101","","","","3.515625","3.515625","3.515625"
"7111","","","","3.65234375","3.65234375","3.65234375"
"7121","","","","3.50390625","3.50390625","3.50390625"
"7131","","","","3.4453125","3.4453125","3.4453125"
"7141","","","","3.42578125","3.42578125","3.42578125"
"7151","","","","3.453125","3.453125","3.453125"
"7161","","","","3.4765625","3.4765625","3.4765625"
"7171","","","","3.4609375","3.4609375","3.4609375"
"7181","","","","3.48046875","3.48046875","3.48046875"
"7191","","","","3.57421875","3.57421875","3.57421875"
"7201","","","","3.4609375","3.4609375","3.4609375"
"7211","","","","3.5078125","3.5078125","3.5078125"
"7221","","","","3.58984375","3.58984375","3.58984375"
"7231","","","","3.62109375","3.62109375","3.62109375"
"7241","","","","3.34375","3.34375","3.34375"
"7251","","","","3.4609375","3.4609375","3.4609375"
"7261","","","","3.44921875","3.44921875","3.44921875"
"7271","","","","3.35546875","3.35546875","3.35546875"
"7281","","","","3.5078125","3.5078125","3.5078125"
"7291","","","","3.359375","3.359375","3.359375"
"7301","","","","3.6171875","3.6171875","3.6171875"
"7311","","","","3.7265625","3.7265625","3.7265625"
"7321","","","","3.484375","3.484375","3.484375"
"7331","","","","3.42578125","3.42578125","3.42578125"
"7341","","","","3.484375","3.484375","3.484375"
"7351","","","","3.52734375","3.52734375","3.52734375"
"7361","","","","3.46484375","3.46484375","3.46484375"
"7371","","","","3.53515625","3.53515625","3.53515625"
"7381","","","","3.61328125","3.61328125","3.61328125"
"7391","","","","3.48828125","3.48828125","3.48828125"
"7401","","","","3.51953125","3.51953125","3.51953125"
"7411","","","","3.5078125","3.5078125","3.5078125"
"7421","","","","3.4375","3.4375","3.4375"
"7431","","","","3.4375","3.4375","3.4375"
"7441","","","","3.4453125","3.4453125","3.4453125"
"7451","","","","3.5234375","3.5234375","3.5234375"
"7461","","","","3.58984375","3.58984375","3.58984375"
"7471","","","","3.4609375","3.4609375","3.4609375"
"7481","","","","3.51171875","3.51171875","3.51171875"
"7491","","","","3.375","3.375","3.375"
"7501","","","","3.37890625","3.37890625","3.37890625"
"7511","","","","3.45703125","3.45703125","3.45703125"
"7521","","","","3.53515625","3.53515625","3.53515625"
"7531","","","","3.4921875","3.4921875","3.4921875"
"7541","","","","3.484375","3.484375","3.484375"
"7551","","","","3.55078125","3.55078125","3.55078125"
"7561","","","","3.4296875","3.4296875","3.4296875"
"7571","","","","3.375","3.375","3.375"
"7581","","","","3.5625","3.5625","3.5625"
"7591","","","","3.55859375","3.55859375","3.55859375"
"7601","","","","3.4140625","3.4140625","3.4140625"
"7611","","","","3.5234375","3.5234375","3.5234375"
"7621","","","","3.35546875","3.35546875","3.35546875"
"7631","","","","3.62890625","3.62890625","3.62890625"
"7641","","","","3.44921875","3.44921875","3.44921875"
"7651","","","","3.4765625","3.4765625","3.4765625"
"7661","","","","3.26953125","3.26953125","3.26953125"
"7671","","","","3.44921875","3.44921875","3.44921875"
"7681","","","","3.41796875","3.41796875","3.41796875"
"7691","","","","3.4609375","3.4609375","3.4609375"
"7701","","","","3.2109375","3.2109375","3.2109375"
"7711","","","","3.5","3.5","3.5"
"7721","","","","3.33203125","3.33203125","3.33203125"
"7731","","","","3.44921875","3.44921875","3.44921875"
"7741","","","","3.34765625","3.34765625","3.34765625"
"7751","","","","3.34375","3.34375","3.34375"
"7761","","","","3.5","3.5","3.5"
"7771","","","","3.359375","3.359375","3.359375"
"7781","","","","3.4453125","3.4453125","3.4453125"
"7791","","","","3.45703125","3.45703125","3.45703125"
"7801","","","","3.4765625","3.4765625","3.4765625"
"7811","","","","3.5078125","3.5078125","3.5078125"
"7821","","","","3.28515625","3.28515625","3.28515625"
"7831","","","","3.484375","3.484375","3.484375"
"7841","","","","3.48828125","3.48828125","3.48828125"
"7851","","","","3.453125","3.453125","3.453125"
"7861","","","","3.45703125","3.45703125","3.45703125"
"7871","","","","3.39453125","3.39453125","3.39453125"
"7881","","","","3.51953125","3.51953125","3.51953125"
"7891","","","","3.4375","3.4375","3.4375"
"7901","","","","3.4296875","3.4296875","3.4296875"
"7911","","","","3.3671875","3.3671875","3.3671875"
"7921","","","","3.33984375","3.33984375","3.33984375"
"7931","","","","3.4609375","3.4609375","3.4609375"
"7941","","","","3.4375","3.4375","3.4375"
"7951","","","","3.51953125","3.51953125","3.51953125"
"7961","","","","3.5625","3.5625","3.5625"
"7971","","","","3.55078125","3.55078125","3.55078125"
"7981","","","","3.4453125","3.4453125","3.4453125"
"7991","","","","3.3515625","3.3515625","3.3515625"
"8001","","","","3.5234375","3.5234375","3.5234375"
"8011","","","","3.44140625","3.44140625","3.44140625"
"8021","","","","3.45703125","3.45703125","3.45703125"
"8031","","","","3.44140625","3.44140625","3.44140625"
"8041","","","","3.58203125","3.58203125","3.58203125"
"8051","","","","3.453125","3.453125","3.453125"
"8061","","","","3.45703125","3.45703125","3.45703125"
"8071","","","","3.3125","3.3125","3.3125"
"8081","","","","3.3359375","3.3359375","3.3359375"
"8091","","","","3.4609375","3.4609375","3.4609375"
"8101","","","","3.390625","3.390625","3.390625"
"8111","","","","3.66015625","3.66015625","3.66015625"
"8121","","","","3.52734375","3.52734375","3.52734375"
"8131","","","","3.3359375","3.3359375","3.3359375"
"8141","","","","3.3828125","3.3828125","3.3828125"
"8151","","","","3.3984375","3.3984375","3.3984375"
"8161","","","","3.33984375","3.33984375","3.33984375"
"8171","","","","3.45703125","3.45703125","3.45703125"
"8181","","","","3.56640625","3.56640625","3.56640625"
"8191","","","","3.4453125","3.4453125","3.4453125"
"8201","","","","3.421875","3.421875","3.421875"
"8211","","","","3.56640625","3.56640625","3.56640625"
"8221","","","","3.40625","3.40625","3.40625"
"8231","","","","3.37890625","3.37890625","3.37890625"
"8241","","","","3.3359375","3.3359375","3.3359375"
"8251","","","","3.4140625","3.4140625","3.4140625"
"8261","","","","3.40234375","3.40234375","3.40234375"
"8271","","","","3.6015625","3.6015625","3.6015625"
"8281","","","","3.30078125","3.30078125","3.30078125"
"8291","","","","3.5","3.5","3.5"
"8301","","","","3.25","3.25","3.25"
"8311","","","","3.30078125","3.30078125","3.30078125"
"8321","","","","3.48828125","3.48828125","3.48828125"
"8331","","","","3.4140625","3.4140625","3.4140625"
"8341","","","","3.41796875","3.41796875","3.41796875"
"8351","","","","3.31640625","3.31640625","3.31640625"
"8361","","","","3.328125","3.328125","3.328125"
"8371","","","","3.30078125","3.30078125","3.30078125"
"8381","","","","3.3984375","3.3984375","3.3984375"
"8391","","","","3.421875","3.421875","3.421875"
"8401","","","","3.41796875","3.41796875","3.41796875"
"8411","","","","3.41796875","3.41796875","3.41796875"
"8421","","","","3.31640625","3.31640625","3.31640625"
"8431","","","","3.4609375","3.4609375","3.4609375"
"8441","","","","3.421875","3.421875","3.421875"
"8451","","","","3.4765625","3.4765625","3.4765625"
"8461","","","","3.30078125","3.30078125","3.30078125"
"8471","","","","3.484375","3.484375","3.484375"
"8481","","","","3.44921875","3.44921875","3.44921875"
"8491","","","","3.44921875","3.44921875","3.44921875"
"8501","","","","3.3828125","3.3828125","3.3828125"
"8511","","","","3.453125","3.453125","3.453125"
"8521","","","","3.69921875","3.69921875","3.69921875"
"8531","","","","3.46484375","3.46484375","3.46484375"
"8541","","","","3.265625","3.265625","3.265625"
"8551","","","","3.3984375","3.3984375","3.3984375"
"8561","","","","3.34765625","3.34765625","3.34765625"
"8571","","","","3.46484375","3.46484375","3.46484375"
"8581","","","","3.40625","3.40625","3.40625"
"8591","","","","3.40625","3.40625","3.40625"
"8601","","","","3.34765625","3.34765625","3.34765625"
"8611","","","","3.2265625","3.2265625","3.2265625"
"8621","","","","3.3671875","3.3671875","3.3671875"
"8631","","","","3.41015625","3.41015625","3.41015625"
"8641","","","","3.4453125","3.4453125","3.4453125"
"8651","","","","3.5078125","3.5078125","3.5078125"
"8661","","","","3.44140625","3.44140625","3.44140625"
"8671","","","","3.31640625","3.31640625","3.31640625"
"8681","","","","3.3125","3.3125","3.3125"
"8691","","","","3.5078125","3.5078125","3.5078125"
"8701","","","","3.5","3.5","3.5"
"8711","","","","3.39453125","3.39453125","3.39453125"
"8721","","","","3.46484375","3.46484375","3.46484375"
"8731","","","","3.26171875","3.26171875","3.26171875"
"8741","","","","3.38671875","3.38671875","3.38671875"
"8751","","","","3.46484375","3.46484375","3.46484375"
"8761","","","","3.3515625","3.3515625","3.3515625"
"8771","","","","3.484375","3.484375","3.484375"
"8781","","","","3.3125","3.3125","3.3125"
"8791","","","","3.23828125","3.23828125","3.23828125"
"8801","","","","3.41796875","3.41796875","3.41796875"
"8811","","","","3.51171875","3.51171875","3.51171875"
"8821","","","","3.33984375","3.33984375","3.33984375"
"8831","","","","3.3984375","3.3984375","3.3984375"
"8841","","","","3.421875","3.421875","3.421875"
"8851","","","","3.34375","3.34375","3.34375"
"8861","","","","3.23046875","3.23046875","3.23046875"
"8871","","","","3.37890625","3.37890625","3.37890625"
"8881","","","","3.41015625","3.41015625","3.41015625"
"8891","","","","3.62109375","3.62109375","3.62109375"
"8901","","","","3.34765625","3.34765625","3.34765625"
"8911","","","","3.32421875","3.32421875","3.32421875"
"8921","","","","3.40234375","3.40234375","3.40234375"
"8931","","","","3.40625","3.40625","3.40625"
"8941","","","","3.3984375","3.3984375","3.3984375"
"8951","","","","3.375","3.375","3.375"
"8961","","","","3.33984375","3.33984375","3.33984375"
"8971","","","","3.47265625","3.47265625","3.47265625"
"8981","","","","3.53515625","3.53515625","3.53515625"
"8991","","","","3.46875","3.46875","3.46875"
"9001","","","","3.44140625","3.44140625","3.44140625"
"9011","","","","3.51171875","3.51171875","3.51171875"
"9021","","","","3.453125","3.453125","3.453125"
"9031","","","","3.46875","3.46875","3.46875"
"9041","","","","3.36328125","3.36328125","3.36328125"
"9051","","","","3.4765625","3.4765625","3.4765625"
"9061","","","","3.44140625","3.44140625","3.44140625"
"9071","","","","3.2734375","3.2734375","3.2734375"
"9081","","","","3.41796875","3.41796875","3.41796875"
"9091","","","","3.38671875","3.38671875","3.38671875"
"9101","","","","3.32421875","3.32421875","3.32421875"
"9111","","","","3.2109375","3.2109375","3.2109375"
"9121","","","","3.47265625","3.47265625","3.47265625"
"9131","","","","3.35546875","3.35546875","3.35546875"
"9141","","","","3.34765625","3.34765625","3.34765625"
"9151","","","","3.3359375","3.3359375","3.3359375"
"9161","","","","3.47265625","3.47265625","3.47265625"
"9171","","","","3.421875","3.421875","3.421875"
"9181","","","","3.38671875","3.38671875","3.38671875"
"9191","","","","3.39453125","3.39453125","3.39453125"
"9201","","","","3.48828125","3.48828125","3.48828125"
"9211","","","","3.3359375","3.3359375","3.3359375"
"9221","","","","3.41796875","3.41796875","3.41796875"
"9231","","","","3.46875","3.46875","3.46875"
"9241","","","","3.3828125","3.3828125","3.3828125"
"9251","","","","3.5234375","3.5234375","3.5234375"
"9261","","","","3.4375","3.4375","3.4375"
"9271","","","","3.27734375","3.27734375","3.27734375"
"9281","","","","3.4453125","3.4453125","3.4453125"
"9291","","","","3.44140625","3.44140625","3.44140625"
"9301","","","","3.35546875","3.35546875","3.35546875"
"9311","","","","3.49609375","3.49609375","3.49609375"
"9321","","","","3.46484375","3.46484375","3.46484375"
"9331","","","","3.30859375","3.30859375","3.30859375"
"9341","","","","3.42578125","3.42578125","3.42578125"
"9351","","","","3.2890625","3.2890625","3.2890625"
"9361","","","","3.375","3.375","3.375"
"9371","","","","3.27734375","3.27734375","3.27734375"
"9381","","","","3.44921875","3.44921875","3.44921875"
"9391","","","","3.46484375","3.46484375","3.46484375"
"9401","","","","3.2890625","3.2890625","3.2890625"
"9411","","","","3.21875","3.21875","3.21875"
"9421","","","","3.3359375","3.3359375","3.3359375"
"9431","","","","3.32421875","3.32421875","3.32421875"
"9441","","","","3.4375","3.4375","3.4375"
"9451","","","","3.33203125","3.33203125","3.33203125"
"9461","","","","3.30859375","3.30859375","3.30859375"
"9471","","","","3.3359375","3.3359375","3.3359375"
"9481","","","","3.44140625","3.44140625","3.44140625"
"9491","","","","3.453125","3.453125","3.453125"
"9501","","","","3.421875","3.421875","3.421875"
"9511","","","","3.33984375","3.33984375","3.33984375"
"9521","","","","3.4296875","3.4296875","3.4296875"
"9531","","","","3.33984375","3.33984375","3.33984375"
"9541","","","","3.375","3.375","3.375"
"9551","","","","3.26953125","3.26953125","3.26953125"
"9561","","","","3.37109375","3.37109375","3.37109375"
"9571","","","","3.46875","3.46875","3.46875"
"9581","","","","3.34375","3.34375","3.34375"
"9591","","","","3.28515625","3.28515625","3.28515625"
"9601","","","","3.43359375","3.43359375","3.43359375"
"9611","","","","3.42578125","3.42578125","3.42578125"
"9621","","","","3.34375","3.34375","3.34375"
"9631","","","","3.46875","3.46875","3.46875"
"9641","","","","3.15625","3.15625","3.15625"
"9651","","","","3.37890625","3.37890625","3.37890625"
"9661","","","","3.35546875","3.35546875","3.35546875"
"9671","","","","3.296875","3.296875","3.296875"
"9681","","","","3.40625","3.40625","3.40625"
"9691","","","","3.39453125","3.39453125","3.39453125"
"9701","","","","3.37890625","3.37890625","3.37890625"
"9711","","","","3.4765625","3.4765625","3.4765625"
"9721","","","","3.25","3.25","3.25"
"9731","","","","3.39453125","3.39453125","3.39453125"
"9741","","","","3.453125","3.453125","3.453125"
"9751","","","","3.39453125","3.39453125","3.39453125"
"9761","","","","3.4453125","3.4453125","3.4453125"
"9771","","","","3.46484375","3.46484375","3.46484375"
"9781","","","","3.29296875","3.29296875","3.29296875"
"9791","","","","3.296875","3.296875","3.296875"
"9801","","","","3.28515625","3.28515625","3.28515625"
"9811","","","","3.484375","3.484375","3.484375"
"9821","","","","3.4921875","3.4921875","3.4921875"
"9831","","","","3.3046875","3.3046875","3.3046875"
"9841","","","","3.46484375","3.46484375","3.46484375"
"9851","","","","3.5234375","3.5234375","3.5234375"
"9861","","","","3.5","3.5","3.5"
"9871","","","","3.3203125","3.3203125","3.3203125"
"9881","","","","3.3359375","3.3359375","3.3359375"
"9891","","","","3.390625","3.390625","3.390625"
"9901","","","","3.37109375","3.37109375","3.37109375"
"9911","","","","3.26953125","3.26953125","3.26953125"
"9921","","","","3.25","3.25","3.25"
"9931","","","","3.44140625","3.44140625","3.44140625"
"9941","","","","3.3515625","3.3515625","3.3515625"
"9951","","","","3.3046875","3.3046875","3.3046875"
"9961","","","","3.484375","3.484375","3.484375"
"9971","","","","3.25390625","3.25390625","3.25390625"
"9981","","","","3.48828125","3.48828125","3.48828125"
"9991","","","","3.48046875","3.48046875","3.48046875"
"10001","","","","3.36328125","3.36328125","3.36328125"